{
    "accuracy": 0.9736842105263158,
    "f1": 0.9712773998488284,
    "training_history": []
}